Strain,Dominance,Special,Brand,Product,Variant,Parent1,Parent2,Parent3,Parent4,Parent5,Parent6,Parent7,Parent8,Parent9,Parent10,Also Known As,notes,Breeder,Origin,Treated,Cannabinoids,Terpenes,General comments
3 Bears,Indica dominant,,,,,Triangle Kush,Karma OG,,,,,,,,,,,,,,,,
91 Krypt,Indica dominant,,,,,Chemdawg 91,Captain Krypt OG,,,,,,,,,,,,,,,,
91 OG Krypt Melon,Indica dominant,,,,,Melon OG,91 Krypt,,,,,,,,,,,,,,,,
98 Aloha White Widow,Sativa dominant,,,,,White Widow,,,,,,,,,,,,,,,,,
Abusive OG,Indica dominant,,,,Chemdawg,,,,,,,,,,,,,Abusive,,,,,
Acapulco Gold,Sativa dominant,,,,Mexico Sativa Landraces,,,,,,,,,,,,,,,,,,
Aceh/Atjeh,Sativa dominant,,,,Indonesia Sativa Landraces,,,,,,,,,,,,,,,,,,
Afghan Hawaiian,Indica dominant,,,,,Lavender,UK Cheese,,,,,,,,,,,,,,,,
Afghan Haze,Indica dominant,ex NZ Medical,Medleaf,Medleaf Afghan Haze (discontinued),,Afghan/Pakistan Indica Landraces,Haze,,,,,,,,,,,,,,,,
Afghan/Pakistan Indica Landraces,Indica dominant,Landrace,,,,Original Central Asia Indica,,,,,,,,,,Afghani,,,,,,,
African Indica Landraces,Indica dominant,Landrace,,,,Introduced Naturalised Indica,,,,,,,,,,,,,,,,,
African Sativa Landraces,Sativa dominant,Landrace,,,,Introduced Naturalised Sativa,,,,,,,,,,,,,,,,,
AK-47,Sativa dominant,,,,,Acapulco Gold,Colombian Gold,Thai Sativa Landraces,Afghan/Pakistan Indica Landraces,,,,,,,,,,,,,,
Aladdin Kush,Balanced hybrid,,,,,Aladdin’s Skunk,Black Kush,,,,,,,,,,,,,,,,
Aladdin’s Skunk,Sativa dominant,,,,Skunk #1,,,,,,,,,,,,,,,,,,
AlaDin,Sativa dominant,,,,,Apollo 11,Colombia Punto Rojo,Original Diesel,,,,,,,,Aladin,,,,,,,
Alien Cookies,Balanced hybrid,,,,,Girl Scout Cookies,Alien Dawg,,,,,,,,,,,,,,,,
Alien Dawg,Indica dominant,,,,,Chemdawg,Alien Technology,,,,,,,,,,,,,,,,
Alien Kush,Indica dominant,,,,,Alien Dawg,Las Vegas Purple Kush,,,,,,,,,,,,,,,,
Alien Tahoe,Indica dominant,,,,,Tahoe OG Kush,Alien Kush,,,,,,,,,,,,,,,,
Alien Technology,Indica dominant,,,,Afghan/Pakistan Indica Landraces,,,,,,,,,,,,,,,,,,
Amnesia,Sativa dominant,,,,,Jack Harer,Cinderella 99 ,,,,,,,,,,,,,,,,
Amnesia Fast,Sativa dominant,ex NZ Medical,Helius,Helius Amelia (discontinued),,Haze,Northern Lights,,,,,,,,,,,,New Zealand,Non-irradiated,,,
Amnesia Haze,Sativa dominant,,,,,Haze,Thai Sativa Landraces,Hawaiian Sativa Landraces,Jamaican Sativa Landraces,Afghan/Pakistan Indica Landraces,,,,,,,,,,,"THC 19%, CBD <1%",,
Amnesia Lemon,Sativa dominant,,,,,Amnesia Haze,Lemon Skunk,,,,,,,,,,,,,,,,
Animal Cookies,Balanced hybrid,,,,,Girl Scout Cookies,Fire OG,,,,,,,,,,,,,,,,
Animal Mints,Balanced hybrid,,,,,Animal Cookies,Thin Mint Girl Scout Cookies,Blue Power,,,,,,,,,,,,,,,
Animal Mintz,Balanced hybrid,,,,,Animal Cookies,Thin Mint Girl Scout Cookies,Fire OG,,,,,,,,,,,,,,,
Animal Runtz,Balanced hybrid,,,,,Animal Cookies,Runtz,,,,,,,,,,,,,,,,
Apollo 11,Indica dominant,,,,,Cinderella 99 ,Genius ,,,,,,,,,,,,,,,,
Appalachia ,Indica dominant,,,,,Green Crack,Tres Dawg,,,,,,,,,,,,,,,,
Apples & Bananas,Balanced hybrid,,,,,Platinum Girl Scout Cookies,Granddaddy Purple,Blue Power,Gelatti,,,,,,,,,,,,,,
Aspen OG,Sativa dominant,,,,,San Fernando Valley OG Kush,Sour Cream ,,,,,,,,,,,,,,,,
B4,Indica dominant,,,,,Blue Dream,Chemdawg 4,,,,,,,,,,,,,,,,
B52,Indica dominant,NZ Medical,Cannasouth,Cannasouth Symetis/Serion,,Runtz,Unknown Strain,,,,,,,,,,,,,,"THC 17%, CBD <2%",,
Banana,Indica dominant,,,,,Ghost OG,Unknown Sagamatha Strain,,,,,,,,,,,,,,,,
Banana Cake,Balanced hybrid,,,,,Banana OG,Wedding Cake,,,,,,,,,,,,,,,,
Banana Kush,Indica dominant,,,,,Ghost OG,Skunk Haze,,,,,,,,,,,,,,,,
Banana OG,Indica dominant,,,,,Banana,OG Kush,,,,,,,,,,,,,,,,
Bear's Breath ,Balanced hybrid,,,,,Lamb’s Bread ,3 Bears,,,,,,,,,Grizzly Breath; Grizzly's Breath,,,,,,,
Berry Cream Puff,Sativa dominant,,shane,,,Cake Crusher,Unknown Sativa Strain 1,,,,,,,,,,,,,,,,
Berry Diesel,Indica dominant,,,,,Blueberry,Sour Diesel,,,,,,,,,,,,,,,,
Berry White,Indica dominant,,,,,Blueberry,White Widow,,,,,,,,,,,,,,,,
Berryfreak ,Sativa dominant,,,,,Pineapple Express #2,Holy Banana,,,,,,,,,,,,,,,,
Big Bud,Indica dominant,,,,,Northern Lights #5,Haze,,,,,,,,,,,,,,,,
Big Buddha Cheese,Balanced hybrid,,,,,UK Cheese,Unknown Strain 1,,,,,,,,,BBC,,,,,,,
Big Skunk Korean,Indica dominant,,,,,Big Bud,Skunk #1,Unknown Korean Strain,,,,,,,,,,,,,,,
Big Sur Holy Weed,Sativa dominant,,,,,Mexico Sativa Landraces,Mazar I Sharif,,,,,,,,,,,,,,,,
Biker Kush,Indica dominant,,,,,Hell's Angels OG,Lucifer OG,,,,,,,,,,,,,,,,
Black Cherry Pie,Balanced hybrid,,,,,Cherry Pie,Blackberry Kush,,,,,,,,,,,,,,,,
Black Cherry Punch,Indica dominant,,shane,,,Black Cherry Pie,Purple Punch,,,,,,,,,,,,,,,,
Black Domina,Indica dominant,,,,,Northern Lights #5,Afghan/Pakistan Indica Landraces,Ortega,Hash Plant,,,,,,,,,,,,,,
Black Fire F1,Indica dominant,,,,,Afghan/Pakistan Indica Landraces,Wifi,,,,,,,,,,,,,,,,
Black Kush,Indica dominant,,,,,Girl Scout Cookies,Blackwater ,,,,,,,,,,,,,,,,
Blackberry,Balanced hybrid,,,,,Black Domina,Raspberry Cough,,,,,,,,,,,,,,,,
Blackberry Kush,Indica dominant,,,,,Bubba Kush,Blackberry,,,,,,,,,,,,,,,,
Blackwater ,Indica dominant,,,,,Purple Mendocino,Tahoe OG Kush,,,,,,,,,,,,,,,,
Blue Cheese,Indica dominant,,,,,Blueberry,UK Cheese,,,,,,,,,,,,,,,,
Blue Dream,Sativa dominant,ex NZ Medical,Bloom,Bloom Blue Dream (discontinued),,Super Silver Haze,Blueberry,,,,,,,,,Azure Haze,,,,,,,
Blue Haze,Sativa dominant,,,,,Blueberry,Haze,,,,,,,,,,,,,,,,
Blue Moonshine,Indica dominant,,,,,Blueberry,Unknown Strain 2,,,,,,,,,,,,,,,,
Blue Power,Indica dominant,,,,,Blue Moonshine,Master Kush,Triangle Kush,Sour Double,,,,,,,,,,,,,,
Blue Skunk,Sativa dominant,,,,,Skunk #1,Blueberry,,,,,,,,,,,,,,,,
Blue Tango,Balanced hybrid,NZ Medical,Rua,Rua THC24,,Blue Dream,Tango Jack,,,,,,,,,,,,,,,,
Blueberry,Indica dominant,Classic,,,,Afghan/Pakistan Indica Landraces,Purple Thai Sativa Landraces,Thai Sativa Landraces,,,,,,,,DJ Short Blueberry,,DJ Short,,,,,
Blueberry Kush,Indica dominant,,,,,Blueberry,OG Kush,,,,,,,,,,,,,,,,
Brazil Sativa Landraces,Sativa dominant,Landrace,,,,Introduced Naturalised Sativa,,,,,,,,,,,,,,,,,
Bubba Kush,Indica dominant,,,,,Northern Lights #5,OG Kush,,,,,,,,,,,,,,,,
Bubble N Squeak,Indica dominant,,,,,Big Buddha Cheese,Double Bubble F1,,,,,,,,,,,,,,,,
Bubblegum,Balanced hybrid,,,,,Indiana Bubble Gum,Unknown Hybrid Strain 1,,,,,,,,,,,,,,,,
Burmese Kush,Balanced hybrid,,,,,Burmese Sativa Landraces,OG Kush,,,,,,,,,,,,,,,,
Burmese Sativa Landraces,Sativa dominant,Landrace,,,,Original Bay of Bengal Sativa,,,,,,,,,,,,,,,,,
Cake Crusher,Balanced hybrid,,,,,Wedding Crasher,Wedding Cake,,,,,,,,,,,,,,,,
California Black Roze,Indica dominant,,,,,OG Eddy Lepp,Roze,,,,,,,,,,,,,,,,
California Orange,Balanced hybrid,,,,,California Sativa Landraces,North American Indica Landraces,,,,,,,,,,,,,,,,
California Sativa Landraces,Sativa dominant,Landrace,,,,Introduced Naturalised Sativa,,,,,,,,,,,,,,,,,
Cambodia Sativa Landraces,Sativa dominant,Landrace,,,,Original Bay of Bengal Sativa,,,,,,,,,,,,,,,,,
Candyland,Sativa dominant,,,,,Platinum Girl Scout Cookies,Granddaddy Purple,,,,,,,,,,,,,,,,
Cannalope Haze,Sativa dominant,,,,,Acapulco Gold,Haze,,,,,,,,,,,,,,,,
Cannatonic CBD,Balanced hybrid,,Shane,,,MK Ultra,G13 Haze,,,,,,,,,,,,,,,,
Captain Krypt OG,Indica dominant,,,,,OG Kush,Krypt,,,,,,,,,,,,,,,,
Champagne Kush,Balanced hybrid,,,,,Hindu Kush,Hash Plant,,,,,,,,,,,,,,,,
Cheese Quake,Indica dominant,,,,,UK Cheese,Querkle ,,,,,,,,,,,,,,,,
Chem’s Sister,Indica dominant,,,,Chemdawg,,,,,,,,,,,,,,,,,,
Chemdawg,Indica dominant,,,,,Hindu Kush Landraces,Thai Sativa Landraces,,,,,,,,,,,,,,,,
Chemdawg 4,Indica dominant,,,,Chemdawg,,,,,,,,,,,,,,,,,,
Chemdawg 91,Indica dominant,,,,Chemdawg,,,,,,,,,,,,,,,,,,
Cherry Pie,Indica dominant,,,,,Granddaddy Purple,Durban Poison,,,,,,,,,,,,,,,,
Cherry Runtz,Indica dominant,,,,,Cherry Pie,Runtz,,,,,,,,,,,,,,,,
Chocolate Diesel,Indica dominant,,,,,Sour Diesel,Chocolate Thai Sativa Landraces,,,,,,,,,,,,,,,,
Chocolate Fondue,Sativa dominant,,,,,Chocolope,Exodus Kush,,,,,,,,,,,,,,,,
Chocolate Thai Sativa Landraces,Sativa dominant,Landrace,,,,Original Bay of Bengal Sativa,,,,,,,,,,,,,,,,,
Chocolope,Sativa dominant,,,,,Chocolate Thai Sativa Landraces,Cannalope Haze,,,,,,,,,,,,,,,,
Cinderella 99 ,Sativa dominant,,,,,Jack Harer,Shiva Skunk,,,,,,,,,C99; Cindy,,,,,,,
Citral ,Indica dominant,,,,,Pakistani Chitral Kush,Super Skunk,,,,,,,,,,,,,,,,
Citral #13,Indica dominant,,,,Citral ,,,,,,,,,,,,,,,,,,
Colombia Punto Rojo,Sativa dominant,,,,Colombian Sativa Landraces,,,,,,,,,,,,,,,,,,
Colombian Gold,Sativa dominant,,,,Colombian Sativa Landraces,,,,,,,,,,,Santa Marta; Coloumbian,,,,,,,
Colombian Sativa Landraces,Sativa dominant,Landrace,,,,Introduced Naturalised Sativa,,,,,,,,,,,,,,,,,
Cookies N Cream,Indica dominant,,,,,Girl Scout Cookies,Starfighter,,,,,,,,,,,,,,,,
Cove,Balanced hybrid,NZ Medical,Kikuya,Kikuya Cove,,Girl Scout Cookies,Gelato 41,OG Kush,,,,,,,,,,,Australia,,"THC 19%, CBD <1%",,
Critical Kush,Indica dominant,,,,,OG Kush,Critical Mass,,,,,,,,,,,,,,,,
Critical Mass,Indica dominant,,,,,Skunk #1,Afghan/Pakistan Indica Landraces,,,,,,,,,,,,,,,,
Crystal Locomotive,Sativa dominant,,,,,Train Wreck,98 Aloha White Widow,,,,,,,,,,,,,,,,
Dark Cross,Indica dominant,,,,,Gooey,Zinn,Lava,,,,,,,,,,,,,,,
Dark Desire,Balanced hybrid,,,,,African Sativa Landraces,African Indica Landraces,,,,,,,,,,,,,,,,
Death Bubba,Indica dominant,,,,,Bubba Kush,Death Star,,,,,,,,,,,,,,,,
Death Fuel,Indica dominant,,,,,Death Bubba,Jet Fuel G6,,,,,,,,,,,,,,,,
Death Star,Indica dominant,,,,,Sensi Star,Sour Diesel,,,,,,,,,,,,,,,,
Delahaze,Sativa dominant,ex NZ Medical,Aurora,Aurora Luminarium (discontinued),,Mango Haze,Lemon Skunk,,,,,,,,,,,,Canada,,"THC 22%, CBD <1%",,
Diesel ,Indica dominant,,,,,Unknown Lineages,,,,,,,,,,,,,,,,,
Do-Si-Dos,Indica dominant,,,,,Girl Scout Cookies,Face Off OG,,,,,,,,,,,,,,,,
Double Bubble F1,Balanced hybrid,,,,,Unknown Lineages,,,,,,,,,,,,,,,,,
Duke,Indica dominant,NZ Medical,ANTG,ANTG Duke,,Rocky,Kush Mintz,,,,,,,,,,,,,,"THC 22%, CBD <1%",,
Duke (2),Balanced hybrid,ex NZ Medical,Helius,Helius Dawn (discontinued),Reign,,,,,,,,,,,,,,Denmark,,,,
Durban Poison,Sativa dominant,,,,South African Sativa Landraces,,,,,,,,,,,,,,,,,,
Early Girl,Indica dominant,,,,,Afghan/Pakistan Indica Landraces,India Indica Landraces,Mexico Sativa Landraces,,,,,,,,,,,,,,,
Early Misty,Indica dominant,,,,,Misty,Early Skunk,,,,,,,,,,,,,,,,
Early Pearl,Sativa dominant,,,,,Early Girl,Polyanna,,,,,,,,,,,,,,,,
Early Skunk,Sativa dominant,,,,,Early Pearl,Skunk #1,,,,,,,,,,,,,,,,
East African Sativa landraces,Sativa dominant,Landrace,,,,Introduced Naturalised Sativa,,,,,,,,,,,,,,,,,
East Coast Sour Diesel,Sativa dominant,,,,,Unknown Lineages,,,,,,,,,,ECSD,,,,,,,
El Jefe,Indica dominant,,,,,Rare Dankness,Abusive OG,,,,,,,,,The Boss,,,,,"THC 25%, CBD <1%",,
Electric Grapefruit,Sativa dominant,NZ Medical,Bloom,Bloom EGF,,Acapulco Gold,Grapefruit Tangie,,,,,,,,,,,,,,,,
Electric Honeydew ,Indica dominant,NZ Medical,Aurora,Aurora Big Wave ,,Girl Scout Cookies,91 OG Krypt Melon,,,,,,,,,,,,,,,,
Ethos Glue,Indica dominant,,,,,Black Fire F1,Gorilla Glue #4,,,,,,,,,,,,,,,,
Exodus Kush,Indica dominant,,,,,OG Kush,UK Cheese,,,,,,,,,,,,,,,,
Face Off OG,Indica dominant,,,,,OG Kush,,,,,,,,,,Faceoff OG Kush; Face Off,,,,,,,
Fire OG,Indica dominant,NZ Medical,Adven,Adven Nighfall ,,OG Kush,San Fernando Valley OG,,,,,,,,,,,,,,,,
Florida Kush,Indica dominant,,,,,Hindu Kush Landraces,Chemdawg,,,,,,,,,,,,,,,,
French Toast ,Indica dominant,,,,,Paris OG,Face Off OG,,,,,,,,,Stuffed French Toast,,,,,,,
Frosted Lemon Angel,Indica dominant,ex NZ Medical,Helius,Helius Dusk (discontinued),Frosted Lemon Cake,,,,,,,,,,,,,,Denmark,,"THC 25%, CBD <1%",,
Frosted Lemon Cake,Indica dominant,,,,,Lemon OG,Sherbert,,,,,,,,,,,,,,,,
G13,Indica dominant,,,,Afghan/Pakistan Indica Landraces,,,,,,,,,,,,,,,,,,
G13 Haze,Sativa dominant,,,,,G13,Hawaiian Haze,,,,,,,,,,,,,,,,
Galaxy Walker,Indica dominant,ex NZ Medical,Tilray,Tilray THC22 (GW) (discontinued),,OG Kush,Skywalker,,,,,,,,,,,,,,"THC 22%, CBD <1%",,
Gary Payton,Balanced hybrid,,,,,The Y,Snowman,,,,,,,,,,,,,,,,
Gastro Pop,Indica dominant,,shane,,,Grape Gasoline,Apples & Bananas,,,,,,,,,,,,,,,,
Gelato,Balanced hybrid,,,,,Thin Mint Girl Scout Cookies,Sherbert,,,,,,,,,Larry Bird,,,,,,,
Gelato 25 ,Balanced hybrid,,,,Gelato,,,,,,,,,,,,,,,,,,
Gelato 33,Balanced hybrid,,,,Gelato,,,,,,,,,,,,,,,,,,
Gelato 41,Balanced hybrid,,,,Gelato,,,,,,,,,,,,,,,,,,
Gelato 42,Balanced hybrid,,,,Gelato,,,,,,,,,,,,,,,,,,
Gelato 45,Balanced hybrid,,,,Gelato,,,,,,,,,,,,,,,,,,
Gelatti,Balanced hybrid,,,,,Gelato 41,OG Biscotti,,,,,,,,,,,,,,,,
Genius ,Balanced hybrid,,,,Jack Harer,,,,,,,,,,,,,,,,,,
Ghost OG,Indica dominant,,,,OG Kush,,,,,,,,,,,,,ORGNKID ,,,,,
Ghost Train Haze,Sativa dominant,,,,,Ghost OG,Nevil's Wreck,,,,,,,,,,,,,,,,
Girl Scout Cookies,Balanced hybrid,NZ Medical,Beacon Medical,Beacon GSC,,Durban Poison,OG Kush,,,,,,,,,GSC,,Jigga ,,,,,
GMO Cookies,Indica dominant,NZ Medical,Medleaf,Medleaf GSCx,,Chemdawg,Girl Scout Cookies,,,,,,,,,Garlic Cookies,,,,,,,
Golden Papaya,Indica dominant,,,,,Papaya,Kosher Kush,,,,,,,,,,,,,,,,
Golden Tiger,Sativa dominant,,,,,Wild Thailand,Hmong Thai,Malawi,,,,,,,,,,,,,,,
Gooey,Sativa dominant,,,,,Mexico Sativa Landraces,Colombian Sativa Landraces,Thai Sativa Landraces,Maui Waui,Kambodga ,,,,,,,,,,,,,
Gorilla,Indica dominant,NZ Medical,Cannasouth,Cannasouth Cumulus/Calmana,Gorilla Glue,,,,,,,,,,,,,,New Zealand,Non-irradiated,"THC 17%, CBD <1%",,
Gorilla Glue,Indica dominant,,,,,Chem’s Sister,Chocolate Diesel,Sour Bubble,,,,,,,,,,,,,,,
Gorilla Glue #1,Indica dominant,,,,Gorilla Glue,,,,,,,,,,,,,,,,,,
Gorilla Glue #4,Indica dominant,NZ Medical,Medleaf,Medleaf GG#4,Gorilla Glue,,,,,,,,,,,,,,Canada,Non-irradiated,"THC 24%, CBD <1%",,
Granddaddy Purple,Indica dominant,,,,,Purple Urkle,Big Bud,,,,,,,,,,,,,,,,
Granite Haze,Sativa dominant,,,,,Bear's Breath ,Hubba Bubba Smelloscope ,Unknown Haze Strain,,,,,,,,,,,,,,,
Grape,Indica dominant,,,,,Granddaddy Purple,OG Chem,,,,,,,,,,,,,,,,
Grape Ape,Indica dominant,,,,,Purple Mendocino,Afghan/Pakistan Indica Landraces,Skunk #1,,,,,,,,,,,,,,,
Grape Dosidos,Balanced hybrid,,,,,Do-Si-Dos,Grape Pie,,,,,,,,,,,,,,,,
Grape Gasoline,Indica dominant,,,,,Grape Pie,Jet Fuel Gelato,,,,,,,,,,,,,,,,
Grape Pie,Indica dominant,,,,,Cherry Pie,Grape Stomper,,,,,,,,,,,,,,,,
Grape Stomper,Sativa dominant,,,,,Sour Chem,Purple Elephant,,,,,,,,,Sour Grapes,,,,,,,
Grapefruit,Sativa dominant,,,,,Cinderella 99 ,Unknown Sativa Strain,,,,,,,,,,,,,,,,
Grapefruit Tangie,Sativa dominant,,,,,Tangie,Grapefruit,,,,,,,,,,,,,,,,
Green Crack,Sativa dominant,,,,Skunk #1,,,,,,,,,,,,,,,,,,
Green Gelato,Balanced hybrid,NZ Medical,Kikuya,Kikuya Dune,,Thin Mint Girl Scout Cookies,Super Skunk,,,,,,,,,,,,Australia,,"THC 19%, CBD <1%",,
Green Haze,Sativa dominant,,,,Haze,,,,,,,,,,,,,,,,,,
Green Love Potion,Indica dominant,,,,,Black Domina,Lavender,,,,,,,,,,,,,,,,
Green Poison,Indica dominant,,,,,Unknown Indica Strain 5,,,,,,,,,,,,,,,,,
Hash Plant,Indica dominant,,,,Northern Lights,,,,,,,,,,,,,,,,,,
Hawaiian Haze,Balanced hybrid,,,,,Hawaiian Sativa Landraces,Unknown Indica Haze Strain,,,,,,,,,,,,,,,,
Hawaiian Sativa Landraces,Sativa dominant,Landrace,,,,Introduced Naturalised Sativa,,,,,,,,,,,,,,,,,
Haze,Sativa dominant,,,,,Skunk #1,South India Sativa Landraces,,,,,,,,,,,,,,,,
Headband,Indica dominant,,,,,OG Kush,Sour Diesel,,,,,,,,,,,,,,,,
Headstash,Indica dominant,,,,,Cherry Pie,Karmarado OG,,,,,,,,,,,,,,,,
Hell's Angels OG,Indica dominant,,,,,OG Kush,Blackberry,,,,,,,,,,,,,,,,
Herojuana ,Balanced hybrid,,,,,Petrolia Headstash ,Killer New Haven,,,,,,,,,,,,,,,,
Hi-Octane OG,Balanced hybrid,,,,,Octane ,Sherbert,,,,,,,,,,,,,,,,
High Country Diesel,Indica dominant,,,,,OG Kush,Diesel ,,,,,,,,,,,,,,,,
Hindu Kush,Indica dominant,,,,Hindu Kush Landraces,,,,,,,,,,,,,,,,,,
Hindu Kush Landraces,Indica dominant,Landrace,,,,Original Central Asia Indica,,,,,,,,,,,,,,,,,
Hmong Thai,Indica dominant,,,,Thailand Indica Landraces,,,,,,,,,,,,,,,,,,
Holy Banana,Indica dominant,,,,,Banana,Big Sur Holy Weed,,,,,,,,,,,,,,,,
Honey Boo Boo,Indica dominant,,,,,Bubba Kush,Captain Krypt OG,,,,,,,,,,,,,,,,
Honeydew,Sativa dominant,,,,,Appalachia ,Super Silver Haze,,,,,,,,,,,,,,,,
Horchata,Balanced hybrid,,,,,Mochi Gelato,Jet Fuel Gelato,,,,,,,,,,,,,,,,
Hubba Bubba Smelloscope ,Sativa dominant,,,,,Bubblegum,White Widow,,,,,,,,,,,,,,,,
Huckleberry,Balanced hybrid,NZ Medical,Adven,Adven Daybreak,,Honey Boo Boo,Tangie,,,,,,,,,Ackleberry,,,,,,,
I-95,Balanced hybrid,,,,,Triangle Kush,Legend OG,Stardawg ,,,,,,,,,,,,,,,
Ice,Balanced hybrid,,,,,Skunk #1,Afghan/Pakistan Indica Landraces,Northern Lights #5,Shiva Skunk,,,,,,,,,,,,,,
Ice #2,Balanced hybrid,,,,Ice,,,,,,,,,,,,,,,,,,
Ice Cream Cake,Indica dominant,,,,,Wedding Cake,Gelato 33,,,,,,,,,,,,,,,,
India Indica Landraces,Indica dominant,Landrace,,,,Original Central Asia Indica,,,,,,,,,,,,,,,,,
Indiana Bubble Gum,Indica dominant,,,,,Afghan/Pakistan Indica Landraces,Unknown Indica Strain 3,,,,,,,,,,,,,,,,
Indonesia Sativa Landraces,Sativa dominant,Landrace,,,,Original Bay of Bengal Sativa,,,,,,,,,,,,,,,,,
Introduced Naturalised Indica,Indica dominant,Origin,,,,,,,,,,,,,,,,,,,,,
Introduced Naturalised Sativa,Sativa dominant,Origin,,,,,,,,,,,,,,,,,,,,,
Island Sweet Skunk,Sativa dominant,ex NZ Medical,Tilray,Tilray THC25 (ISS) (discontinued),,Sweet Skunk,Skunk #1,,,,,,,,,,,,,,"THC 25%, CBD <1%",,
J1,Sativa dominant,,,,,Jack Harer,Skunk #1,,,,,,,,,,,,,,,,
Jack Frost,Sativa dominant,,,,,White Widow,Northern Lights #5,,,,,,,,,,,,,,,,
Jack Harer,Sativa dominant,,,,,Haze,Northern Lights #5,,,,,,,,,,,,,,,,
Jack Haze,Sativa dominant,,,,,Jack Harer,Haze,,,,,,,,,,,,,,,,
Jamaican Sativa Landraces,Sativa dominant,Landrace,,,,Introduced Naturalised Sativa,,,,,,,,,,,,,,,,,
Jealousy ,Balanced hybrid,,,,,Gelato 41,Sherbert,,,,,,,,,,,,,,,,
Jean Guy,Sativa dominant,,,,White Widow,,,,,,,,,,,,,,,,,,
Jet Fuel G6,Sativa dominant,,,,,Aspen OG,High Country Diesel,,,,,,,,,,,,,,,,
Jet Fuel Gelato,Balanced hybrid,NZ Medical,Bloom,Bloom JFG,,Jet Fuel G6,Hi-Octane OG,Gelato 45,,,,,,,,JetLatto,,,,,,,
Jew Gold,Balanced hybrid,,,,,Unknown Hybrid Strain,,,,,,,,,,,,,,,,,
Jilly Bean,Sativa dominant,,,,,Space Queen,Orange Skunk,,,,,,,,,,,,,,,,
Joseph OG,Indica dominant,,,,Underdog OG,,,,,,,,,,,Joseph,,,,,,,
Juicy Fruit,Sativa dominant,,,,Thai Sativa Landraces,,,,,,,,,,,,,,,,,,
Kali Mist,Sativa dominant,,,,,Cambodia Sativa Landraces,Afghan/Pakistan Indica Landraces,,,,,,,,,,,,,,,,
Kambodga ,Sativa dominant,,,,Cambodia Sativa Landraces,,,,,,,,,,,,,,,,,,
Karma OG,Indica dominant,,,,,Biker Kush,OG 17,,,,,,,,,,,,,,,,
Karmarado OG,Balanced hybrid,,,,,Triangle Kush,San Fernando Valley OG Kush,White OG,,,,,,,,,,,,,,,
Khazakhstan Ruderalis,Ruderalis dominant,,,,Ruderalis Landraces,,,,,,,,,,,,,,,,,,
Kilimanjaro,Sativa dominant,,,,East African Sativa landraces,,,,,,,,,,,,,,,,,,
Killer New Haven,Indica dominant,,,,,Unknown Indica Lineages,,,,,,,,,,,,,,,,,
Kosher Kush,Indica dominant,,,,,Jew Gold,Unknown Indica Strain 2,,,,,,,,,,,,,,,,
Krypt,Indica dominant,,,,,Unknown Lineages,,,,,,,,,,,,,,,,,
Kush Mints,Indica dominant,,,,,Bubba Kush,Animal Mintz,,,,,,,,,,,,,,,,
Kush Mintz,Balanced hybrid,,,,,Bubba Kush,Animal Mints,,,,,,,,,,,,,,,,
Lamb’s Bread ,Sativa dominant,,,,Jamaican Sativa Landraces,,,,,,,,,,,Lamb's Breath,,,,,,,
Larry OG,Indica dominant,,,,,OG Kush,San Fernando Valley OG,,,,,,,,,,,,,,,,
Larry OG F7,Indica dominant,,,,Larry OG,,,,,,,,,,,,,,,,,,
Las Vegas,Indica dominant,,,,,San Fernando Valley OG Kush,Skunk #1,,,,,,,,,,,,,,,,
Las Vegas Purple Kush,Indica dominant,,,,,Hindu Kush Landraces,Purple Afghan Indica Landraces,,,,,,,,,LVPK,,,,,,,
Lava,Indica dominant,,,,,Hawaiian Sativa Landraces,African Indica Landraces,,,,,,,,,,,,,,,,
Lavender,Indica dominant,,,,,Super Skunk,Big Skunk Korean,Afghan/Pakistan Indica Landraces,Hawaiian Sativa Landraces,,,,,,,Soma #10,,,,,,,
Legend OG,Indica dominant,,,,OG Kush,,,,,,,,,,,,,,,,,,
Legendary Larry,Indica dominant,NZ Medical,Medleaf,Medleaf LL Kush,,Legend OG,Larry OG F7,,,,,,,,,LL Kush,,,Canada,Non-irradiated,"THC 23%, CBD <1%",,
Lemon Alien Dawg,Indica dominant,,,,,Alien Dawg,Lemon Kush,,,,,,,,,LAD,,,,,,,
Lemon Amnesia,Sativa dominant,,,,,Lemon G,Memory Loss,,,,,,,,,,,,,,,,
Lemon Cherry Gelato,Indica dominant,,,,,Sherbert,Girl Scout Cookies,Unknown Strain 11,,,,,,,,,,,,,,,
Lemon G,Sativa dominant,,,,,G13,Kali Mist,,,,,,,,,,,,,,,,
Lemon Haze,Sativa dominant,,,,,Lemon Skunk,Silver Haze,,,,,,,,,,,,,,,,
Lemon Joy,Sativa dominant,,,,,Master Kush,Lemon Haze,,,,,,,,,,,,,,,,
Lemon Kush,Balanced hybrid,,,,,Master Kush,Lemon Joy,,,,,,,,,Cali Lemon Kush,,,,,,,
Lemon OG,Indica dominant,,,,,OG Kush,Las Vegas,,,,,,,,,,,,,,,,
Lemon Skunk,Sativa dominant,,,,Skunk #1,,,,,,,,,,,,,,,,,,
Lemon Splash,Sativa dominant,,Shane,,,Lemon Tree,Horchata,,,,,,,,,,,,,,,,
Lemon Thai,Sativa dominant,,,,,Thai Sativa Landraces,Hawaiian Sativa Landraces,,,,,,,,,,,,,,,,
Lemon Tree,Balanced hybrid,,,,,Lemon Skunk,Sour Diesel,,,,,,,,,,,,,,,,
Lost Coat OG,Indica dominant,,,,Chemdawg,,,,,,,,,,,,,,,,,,
Lowryder,Balanced hybrid,,,,,Northern Lights #2,William’s Wonder ,Ruderalis Landraces,,,,,,,,,,,,,,,
Lucifer OG,Indica dominant,,,,,Hell's Angels OG,San Fernando Valley OG Kush,,,,,,,,,,,,,,,,
Malawi,Sativa dominant,,,,East African Sativa landraces,,,,,,,,,,,,,,,,,,
Malawi Gold,Sativa dominant,,,,East African Sativa landraces,,,,,,,,,,,,,,,,,,
Mandarin Sunset,Balanced hybrid,,,,,Orange Skunk,Herojuana ,,,,,,,,,,,,,,,,
Mandarin Zkittlez,Indica dominant,,,,,Mandarin Sunset,California Black Roze,,,,,,,,,,,,,,,,
Mango Haze,Balanced hybrid,,,,,Northern Lights #5,Skunk #1,Haze,,,,,,,,,,,,,,,
Marionberry ,Balanced hybrid,,,,,Raspberry Kush,Space Queen,,,,,,,,,,,,,,,,
MassSuperSkunk,Sativa dominant,,,,Super Skunk,,,,,,,,,,,,,,,,,,
Master Kush,Indica dominant,,,,,Hindu Kush Landraces,Hindu Kush Landraces,,,,,,,,,,,,,,,,
Maui Waui,Sativa dominant,,,,Hawaiian Sativa Landraces,,,,,,,,,,,,,,,,,,
Mazar,Indica dominant,,,,,Mazar I Sharif,Skunk #1,,,,,,,,,Afghan Skunk,,,,,,,
Mazar I Sharif,Indica dominant,,,,Afghan/Pakistan Indica Landraces,,,,,,,,,,,,,,,,,,
Melon OG,Indica dominant,,,,,Captain Krypt OG,Chemdawg 91,,,,,,,,,,,,,,,,
Memory Loss,Balanced hybrid,,,,,Amnesia Haze,Face Off OG,,,,,,,,,,,,,,,,
Mendo Breath,Indica dominant,,,,,OG Kush Breath,Mendo Montage ,,,,,,,,,,,,,,,,
Mendo Montage ,Balanced hybrid,,,,,Purple Mendocino,Crystal Locomotive,,,,,,,,,,,,,,,,
Mexico Sativa Landraces,Sativa dominant,Landrace,,,,Introduced Naturalised Sativa,,,,,,,,,,,,,,,,,
Miracle 15,Balanced hybrid,,,,,Colombian Gold,Starfighter,,,,,,,,,,,Capulator,,,,,
Miracle Alien Cookies,Balanced hybrid,NZ Medical,Medleaf,Medleaf MAC1,,Alien Cookies,Miracle 15,,,,,,,,,MAC1,,Capulator,Canada,Non-irradiated,,,
Misty,Balanced hybrid,,,,,Brazil Sativa Landraces,India Indica Landraces,,,,,,,,,,,,,,,,
Misty Kush,Balanced hybrid,,,,,Northern Lights,White Widow,,,,,,,,,,,,,,,,
MK Ultra,Indica dominant,,,,,G13,OG Kush,,,,,,,,,,,,,,,,
Mochi ,Balanced hybrid,,,,,Sherbert,Thin Mint Girl Scout Cookies,,,,,,,,,,,,,,,,
Mochi Gelato,Indica dominant,,,,,Sherbert,Girl Scout Cookies,,,,,,,,,,,,,,,,
Mokum's Tulip,Balanced hybrid,ex NZ Medical,Helius,Helius Oral Spray (discontinued),,Gelato,Sherbert,,,,,,,,,Santa Marta; Coloumbian,,,,,,,
Moroccan,Sativa dominant,,,,North African Sativa Landraces,,,,,,,,,,,,,,,,,,
Nepalese Indica Landraces,Indica dominant,Landrace,,,,Original Central Asia Indica,,,,,,,,,,,,,,,,,
Nevil's Haze,Sativa dominant,,,,Haze,,,,,,,,,,,,,,,,,,
Nevil's Wreck,Sativa dominant,,,,,Train Wreck,Nevil's Haze,,,,,,,,,,,,,,,,
Night Rider,Indica dominant,,,,,I-95,Stardawg ,,,,,,,,,,,,,,,,
North African Sativa Landraces,Sativa dominant,Landrace,,,,Introduced Naturalised Sativa,,,,,,,,,,,,,,,,,
North American Indica Landraces,Indica dominant,Landrace,,,,Introduced Naturalised Indica,,,,,,,,,,,,,,,,,
Northern Berry,Indica dominant,,,,,Blueberry,Northern Lights #5,,,,,,,,,,,,,,,,
Northern Lights,Indica dominant,,,,,Afghan/Pakistan Indica Landraces,Thai Sativa Landraces,,,,,,,,,,,,,,,,
Northern Lights #1,Indica dominant,,,,Northern Lights,,,,,,,,,,,,,,,,,,
Northern Lights #2,Indica dominant,,,,Northern Lights,,,,,,,,,,,,,,,,,,
Northern Lights #5,Indica dominant,Classic,,,Northern Lights,,,,,,,,,,,,,,,,,,
NYC Diesel,Balanced hybrid,,,,,Sour Diesel,Afghan Hawaiian,,,,,,,,,,,,,,,,
Octane ,Sativa dominant,,,,,Unknown Lineages,,,,,,,,,,,,,,,,,
OG 17,Indica dominant,,,,OG Kush,,,,,,,,,,,,,,,,,,
OG Biscotti,Indica dominant,,,,,Gelato,Sour Florida OG,,,,,,,,,,,,,,,,
OG Chem,Indica dominant,,,,,OG Kush,Chemdawg,,,,,,,,,,,,,,,,
OG Eddy Lepp,Indica dominant,,,,,OG Kush,Grape Ape,,,,,,,,,,,,,,,,
OG Kush,Indica dominant,NZ Medical,ANTG,ANTG Mariposa,,Chemdawg,California Sativa Landraces,,,,,,,,,,,,Australia,,"THC 13%, CBD <1%",,
OG Kush Breath,Indica dominant,,,,Girl Scout Cookies,,,,,,,,,,,,,,,,,,
OMG,Indica dominant,,,,,GMO Cookies,Kush Mintz,,,,,,,,,,,,,,,,
Orange Cookies,Indica dominant,,,,,Girl Scout Cookies,Orange Juice,,,,,,,,,,,,,,,,
Orange Juice,Indica dominant,,,,,OG Kush,California Orange,Joseph OG,,,,,,,,OJ Kush,,,,,,,
Orange Kush Cake,Indica dominant,ex NZ Medical,Medleaf,Medleaf Orange Kush C (discontinued),,OG Eddy Lepp,Wedding Cake,Rose Zkittlez,Jilly Bean,East Coast Sour Diesel,,,,,,,,,,,"THC 21%, CBD <1%",,
Orange Skunk,Sativa dominant,,,,,California Orange,Skunk #1,,,,,,,,,Orange Velvet; The Original Californian Orange Skunk,,,,,,,
Oreoz,Indica dominant,,,,,Cookies N Cream,Secret Weapon ,,,,,,,,,,,,,,,,
Original Bay of Bengal Sativa,Sativa dominant,Origin,,,,,,,,,,,,,,,,,,,,,
Original Central Asia Indica,Indica dominant,Origin,,,,,,,,,,,,,,,,,,,,,
Original Central Asia Ruderalis ,Ruderalis dominant,Origin,,,,,,,,,,,,,,,,,,,,,
Original Diesel,Sativa dominant,,,,,Chemdawg,MassSuperSkunk,Northern Lights,,,,,,,,,,,,,,,
Ortega,Indica dominant,,,,,Northern Lights #5,Northern Lights #1,,,,,,,,,,,,,,,,
Oz Kush,Indica dominant,,,,,Zkittlez,OG Eddy Lepp,,,,,,,,,,,,,,,,
Pakistani Chitral Kush,Indica dominant,,,,Afghan/Pakistan Indica Landraces,,,,,,,,,,,,,,,,,,
Panama Dragon,Balanced hybrid,,,,,Pakistani Chitral Kush,Panama Red,,,,,,,,,,,,,,,,
Panama Red,Sativa dominant,,,,Panama Sativa Landraces,,,,,,,,,,,,,,,,,,
Panama Sativa Landraces,Sativa dominant,Landrace,,,,Introduced Naturalised Sativa,,,,,,,,,,,,,,,,,
Papaya,Indica dominant,,,,,Citral ,Ice #2,,,,,,,,,,,,,,,,
Paris OG,Indica dominant,,,,,Headband,Lemon OG,,,,,,,,,,,,,,,,
Peach Ozz,Sativa dominant,,,,,Oz Kush,Peach Ringz,,,,,,,,,,,,,,,,
Peach Ringz,Indica dominant,,,,,Marionberry ,OG Eddy Lepp,,,,,,,,,,,,,,,,
Petrolia Headstash ,Indica dominant,,,,Afghan/Pakistan Indica Landraces,,,,,,,,,,,,,,,,,,
Pineapple Express,Sativa dominant,,,,,Hawaiian Sativa Landraces,Train Wreck,,,,,,,,,,,,,,,,
Pineapple Express #2,Sativa dominant,,,,,Pineapple Express,Skunk #1,,,,,,,,,,,,,,,,
Pink Kush,Indica dominant,ex NZ Medical,Aurora,Aurora Sedaprem (discontinued); Beacon Pink Kush; Bloom Pink Kush,OG Kush,,,,,,,,,,,Sedaprem,,,Canada,,"THC 21%, CBD <1%",,
Pink Panties,Indica dominant,,,,,Florida Kush,Burmese Kush,,,,,,,,,,,,,,,,
Platinum Girl Scout Cookies,Balanced hybrid,,,,Girl Scout Cookies,,,,,,,,,,,,,,,,,,
Polyanna,Sativa dominant,,,,,Mexico Sativa Landraces,Colombian Sativa Landraces,,,,,,,,,,,,,,,,
Powdered Donuts,Balanced hybrid,NZ Medical,Tiilray,Tilray T22 (Powdered Donuts),,Jet Fuel Gelato,Orange Cookies,,,,,,,,,,,,,,,,
Power Plant,Sativa dominant,,,,South African Sativa Landraces,,,,,,,,,,,,,,,,,,
Pure Michigan,Indica dominant,,,,,Oreoz,Mendo Breath,,,,,,,,,,,,,,,,
Purple Afghan Indica Landraces,Indica dominant,Landrace,,,,Original Central Asia Indica,,,,,,,,,,,,,,,,,
Purple Elephant,Balanced hybrid,,,,,Purple Urkle,Unknown Strain 10,,,,,,,,,,,,,,,,
Purple Haze,Sativa dominant,Classic,,,,Purple Thai Sativa Landraces,Haze,,,,,,,,,,,,,,,,
Purple Kush,Indica dominant,,,,,Hindu Kush,Purple Afghan Indica Landraces,,,,,,,,,,,,,,,,
Purple Mayhem,Indica dominant,,,,,Dark Desire,Dark Cross,,,,,,,,,,,,,,,,
Purple Mendocino,Indica dominant,ex NZ Medical,Tilray,Tilray THC22 (PM) (discontinued),North American Indica Landraces,,,,,,,,,,,Mendocino Purps; The Purps,,,,,,,
Purple Pakistani Kush,Indica dominant,,,,,Pakistani Chitral Kush,Purple Kush,,,,,,,,,,,,,,,,
Purple Punch,Indica dominant,,,,,Granddaddy Purple,Larry OG,,,,,,,,,,,,,,,,
Purple Skunk,Sativa dominant,,,,,Skunk #1,Unknown Purple Strain,,,,,,,,,,,,,,,,
Purple Thai Sativa Landraces,Sativa dominant,Landrace,,,,Original Bay of Bengal Sativa,,,,,,,,,,,,,,,,,
Purple Urkle,Indica dominant,,,,Purple Afghan Indica Landraces,,,,,,,,,,,,,,,,,,
Querkle ,Balanced hybrid,,,,,Space Queen,Purple Urkle,,,,,,,,,,,,,,,,
Rainbow Sherbert ,Balanced hybrid,,,,,Blackberry,Champagne Kush,,,,,,,,,,,,,,,,
Rare Dankness,Indica dominant,,,,,Ghost OG,Chemdawg,Triangle Kush,,,,,,,,,,,,,,,
Raspberry Cough,Sativa dominant,,,,,Cambodia Sativa Landraces,Ice,,,,,,,,,,,,,,,,
Raspberry Kush,Indica dominant,,,,Hindu Kush Landraces,,,,,,,,,,,,,,,,,,
Red Poison,Indica dominant,,,,,Green Poison,Purple Pakistani Kush,,,,,,,,,,,,,,,,
Reign,Balanced hybrid,,,,,Unknown Lineages,,,,,,,,,,,,,Denmark,,,,
Reign Man,Balanced hybrid,,,,,Gary Payton,French Toast ,,,,,,,,,,,,,,,,
Rock bud,Indica dominant,,,,,Super Skunk,Big Skunk Korean,Afghan Hawaiian,Afghan/Pakistan Indica Landraces,,,,,,,,,,,,,,
Rocky,Indica dominant,NZ Medical,ANTG,ANTG Rocky,El Jefe,,,,,,,,,,,,,,Australia,,,,
Romulan ,Indica dominant,,,,,North American Indica Landraces,White Rhino,,,,,,,,,,,,,,,,
Rose Zkittlez,Balanced hybrid,,,,,Zkittlez,Unknown Strain 3,,,,,,,,,,,,,,,,
Royal Moby,Sativa dominant,NZ Medical,Kikuya,Kikuya Arroyo,,White Widow,Haze,,,,,,,,,,,,Australia,,"THC 20%, CBD <1%",,
Roze,Indica dominant,,,,,Zkittlez,Unknown Hybrid Strain 3,,,,,,,,,,,,,,,,
Ruderalis Landraces,Ruderalis dominant,Landrace,,,,Original Central Asia Ruderalis ,,,,,,,,,,,,,,,,,
Runtz,Balanced hybrid,,,,,Thin Mint Girl Scout Cookies,Sherbert,,,,,,,,,Runtz OG,,,,,,,
Runtz Mintz,Indica dominant,NZ Medical,Medleaf,Medleaf Runtz M,,Peach Ozz,Kush Mints,Gelatti,,,,,,,,,,,Canada,Non-irradiated,,,
San Fernando Valley OG,Indica dominant,,,,OG Kush,,,,,,,,,,,SFV OG,,Swerve,,,,,
San Fernando Valley OG Kush,Indica dominant,,,,,San Fernando Valley OG,Afghan/Pakistan Indica Landraces,,,,,,,,,SFV OG Kush,,,,,,,
Sangria ,Indica dominant,,,,,Querkle ,Vitner's Moonshine,,,,,,,,,,,,,,,,
Secret Weapon ,Indica dominant,,,,,White Widow,Cheese Quake,,,,,,,,,,,,,,,,
Sensi Star,Indica dominant,,,,,Afghan/Pakistan Indica Landraces,Skunk #1,,,,,,,,,,,,,,,,
Sherb BX1 ,Indica dominant,,,,Sherbert,,,,,,,,,,,,created as a backcross of the infamous Sherbet strain,,,,,,
Sherb Cream Pie,Indica dominant,,,,,Ice Cream Cake,Sherb BX1 ,,,,,,,,,,,,,,,,
Sherbert,Indica dominant,,,,,Pink Panties,Girl Scout Cookies,,,,,,,,,Sunset Sherbert,,,,,,,
Shishkaberry,Indica dominant,ex NZ Medical,Medleaf,Medleaf Shishkaberry (d),,Blueberry,The Red,,,,,,,,,,,,,,"THC 15%, CBD <1%",,
Shiva Skunk,Indica dominant,,,,,Northern Lights #5,Skunk #1,,,,,,,,,,,,,,,,
Siberian Ruderalis ,Ruderalis dominant,,,,Ruderalis Landraces,,,,,,,,,,,,,,,,,,
Silver Haze,Sativa dominant,,,,,Skunk #1,Afghan Haze,Northern Lights #5,,,,,,,,,,,,,,,
SinMint Cookies,Balanced hybrid,,,,,Girl Scout Cookies,Blue Power,,,,,,,,,SinMint,,,,,,,
Skunk #1,Sativa dominant,,,,,Acapulco Gold,Colombian Gold,Afghan/Pakistan Indica Landraces,,,,,,,,,,,,,,,
Skunk Haze,Sativa dominant,,,,,Skunk #1,Haze,,,,,,,,,,,,,,,,
Skywalker,Indica dominant,,,,,Blueberry,Mazar,,,,,,,,,,,,,,,,
Snowman,Balanced hybrid,,,,Girl Scout Cookies,,,,,,,,,,,,,,,,,,
Sour Bubble,Indica dominant,,,,Bubble N Squeak,,,,,,,,,,,,,,,,,,
Sour Candy,Sativa dominant,,,,,Sour Diesel,Bubblegum,,,,,,,,,,,,,,,,
Sour Chem,Balanced hybrid,,,,,Chemdawg,Sour Diesel,,,,,,,,,Chemdawg Sour Diesel,,,,,,,
Sour Cream ,Balanced hybrid,,,,,Sour Diesel,G13 Haze,,,,,,,,,,,,,,,,
Sour Diesel,Balanced hybrid,,,,,Chemdawg,Skunk #1,Afghan/Pakistan Indica Landraces,,,,,,,,,,,,,,,
Sour Double,Sativa dominant,,,,,East Coast Sour Diesel,Sour Bubble,,,,,,,,,,,,,,,,
Sour Florida OG,Indica dominant,,,,,Chemdawg,Lemon Thai,Hindu Kush Landraces,,,,,,,,,,,,,,,
Sour Tangie,Sativa dominant,,,,,East Coast Sour Diesel,Tangie,,,,,,,,,,,,,,,,
Sourdough ,Balanced hybrid,NZ Medical,Aurora ,Aurora Night Ride,,Sour Diesel,Wedding Cake,,,,,,,,,,,,,,,,
Sourdough Kush,Indica dominant,,,,,Girl Scout Cookies,OG Kush,Sour Diesel,,,,,,,,,,,,,,,
South African Sativa Landraces,Sativa dominant,Landrace,,,,Introduced Naturalised Sativa,,,,,,,,,,,,,,,,,
South India Sativa Landraces,Sativa dominant,Landrace,,,,Original Bay of Bengal Sativa,,,,,,,,,,,,,,,,,
Space Queen,Balanced hybrid,,,,,Romulan ,Cinderella 99 ,,,,,,,,,,,,,,,,
Stardawg ,Indica dominant,,,,,Chemdawg 4,Tres Dawg,,,,,,,,,,,,,,,,
Starfighter,Indica dominant,,,,,Alien Tahoe,Lemon Alien Dawg,,,,,,,,,,,,,,,,
Strawberry,Sativa dominant,,,,,Unknown Lineages,,,,,,,,,,,,,,,,,
Strawberry Banana,Indica dominant,NZ Medical,Kikuya,Kikuya Peak,,Banana Kush,Strawberry Gum,,,,,,,,,,,,New Zealand,,"THC 25%, CBD <1%",,
Strawberry Cough,Sativa dominant,,,,,Haze,Strawberry Fields,,,,,,,,,,,,,,,,
Strawberry Diesel,Balanced hybrid,,,,,NYC Diesel,Strawberry Cough,,,,,,,,,,,,,,,,
Strawberry Fields,Indica dominant,,,,,Tangie,Strawberry Banana,,,,,,,,,,,,,,,,
Strawberry Gum,Balanced hybrid,,,,,Bubblegum,Strawberry,,,,,,,,,,,,,,,,
Strawberry Kush ,Sativa dominant,,,,,Strawberry Cough,OG Kush,,,,,,,,,,,,,,,,
Super Silver Haze,Sativa dominant,,,,,Skunk #1,Northern Lights,Haze,,,,,,,,,,,,,,,
Super Skunk,Indica dominant,,,,,Afghan/Pakistan Indica Landraces,Skunk #1,,,,,,,,,,,,,,,,
Superglue,Indica dominant,,,,,Afghan/Pakistan Indica Landraces,Northern Lights #5,,,,,,,,,,,,,,,,
Sweet Skunk,Sativa dominant,,,,,Skunk #1,Northern Lights #5,,,,,,,,,,,,,,,,
Tahoe OG Kush,Indica dominant,,,,OG Kush,,,,,,,,,,,Tahoe,,Swerve,,,,,
Tange Chem,Sativa dominant,NZ Medical,ANTG,ANTG Solace,,Tangie,Chemdawg,,,,,,,,,,,,Australia,,"THC 20%, CBD <1%",,
Tangie,Sativa dominant,,,,,Skunk #1,California Orange,,,,,,,,,,,,,,,,
Tango Jack,Balanced hybrid,,,,,Jack Harer,Unknown Indica Strain 1,,,,,,,,,,,,,,,,
Thai Sativa Landraces,Sativa dominant,Landrace,,,,Original Bay of Bengal Sativa,,,,,,,,,,Thai Stick; Thai,,,,,,,
Thailand Indica Landraces,Indica dominant,Landrace,,,,Original Central Asia Indica,,,,,,,,,,,,,,,,,
The Red,Sativa dominant,,,,,Panama Red,Colombian Gold,,,,,,,,,,,,,,,,
The Truth,Indica dominant,,,,,Unknown Lineages,,,,,,,,,,,,,,,,,
The Y,Balanced hybrid,,,,,Unknown Lineages,,,,,,,,,,,,,,,,,
Thin Mint Girl Scout Cookies,Balanced hybrid,,,,,Girl Scout Cookies,OG Kush,Durban Poison,,,,,,,,,,,,,,,
Train Wreck,Sativa dominant,,,,,Thai Sativa Landraces,Mexico Sativa Landraces,,,,,,,,,,,,,,,,
Tres Dawg,Balanced hybrid,,,,,Afghan/Pakistan Indica Landraces,Chemdawg,,,,,,,,,,,,,,,,
Triangle Kush,Indica dominant,,,,OG Kush,,,,,,,,,,,The White,,,,,,,
Triangle Mints,Balanced hybrid,NZ Medical,Tiilray,Tilray T25 (Triangle Mints),,Animal Mints,Triangle Kush,,,,,,,,,,,,,,,,
Triple Cheese,Indica dominant,,,,,Blue Cheese,UK Cheese,,,,,,,,,,,,,,,,
Tropicana Cookies,Sativa dominant,NZ Medical,Medleaf,Medleaf Tropicana C,,Tangie,Girl Scout Cookies,,,,,,,,,,,,Canada,Non-irradiated,,,
Tropicana Poison,Balanced hybrid,,,,,Tropicana Cookies,Red Poison,,,,,,,,,,,,,,,,
Tutti Frutti,Sativa dominant,,,,,Thai Sativa Landraces,Green Haze,Blue Haze,Ruderalis Landraces,,,,,,,,,,,,,,
Twilight Indica ,Indica dominant,,,,,Afghan/Pakistan Indica Landraces,,,,,,,,,,Lemon Twilight; Twilight Kush,,Dutch Passion,,,,,
UK Cheese,Sativa dominant,,,,Skunk #1,,,,,,,,,,,Exodus Cheese; Cognitiva,,Exodus,,,,,
Ultra Sour,Indica dominant,,,,,MK Ultra,Sour Diesel,,,,,,,,,,,,,,,,
Underdog OG,Indica dominant,,,,,Sour Diesel,OG Kush,,,,,,,,,,,,,,,,
Unknown Californian Hybrid,Balanced hybrid,,,,,,,,,,,,,,,,,,,,,,
Unknown Haze Strain,Sativa dominant,,,,,,,,,,,,,,,,,,,,,,
Unknown Hybrid Strain,Balanced hybrid,,,,,,,,,,,,,,,,,,,,,,
Unknown Hybrid Strain 1,Balanced hybrid,,,,,,,,,,,,,,,,,,,,,,
Unknown Hybrid Strain 2,Balanced hybrid,,,,,,,,,,,,,,,,,,,,,,
Unknown Hybrid Strain 3,Balanced hybrid,,,,,,,,,,,,,,,,,,,,,,
Unknown Hybrid Strain 4,Balanced hybrid,,,,,,,,,,,,,,,,,,,,,,
Unknown Indica Haze Strain,Indica dominant,,,,,,,,,,,,,,,,,,,,,,
Unknown Indica Lineages,Indica dominant,,,,,,,,,,,,,,,,,,,,,,
Unknown Indica Strain,Indica dominant,,,,,,,,,,,,,,,,,,,,,,
Unknown Indica Strain 1,Indica dominant,,,,,,,,,,,,,,,,,,,,,,
Unknown Indica Strain 2,Indica dominant,,,,,,,,,,,,,,,,,,,,,,
Unknown Indica Strain 3,Indica dominant,,,,,,,,,,,,,,,,,,,,,,
Unknown Indica Strain 4,Indica dominant,,,,,,,,,,,,,,,,,,,,,,
Unknown Indica Strain 5,Indica dominant,,,,,,,,,,,,,,,,,,,,,,
Unknown Korean Strain,Unknown,,,,,,,,,,,,,,,,,,,,,,
Unknown Lineages,Unknown,,,,,,,,,,,,,,,,,,,,,,
Unknown Purple Strain,Unknown,,,,,,,,,,,,,,,,,,,,,,
Unknown Sagamatha Strain,Indica dominant,,,,,,,,,,,,,,,,,,,,,,
Unknown Sativa Strain,Sativa dominant,,,,,,,,,,,,,,,,,,,,,,
Unknown Sativa Strain 1,Sativa dominant,,,,,,,,,,,,,,,,,,,,,,
Unknown Sativa Strain 2,Sativa dominant,,,,,,,,,,,,,,,,,,,,,,
Unknown Sativa Strain 3,Sativa dominant,,,,,,,,,,,,,,,,,,,,,,
Unknown Sativa Strain 4,Sativa dominant,,,,,,,,,,,,,,,,,,,,,,
Unknown Sativa Strain 5,Sativa dominant,,,,,,,,,,,,,,,,,,,,,,
Unknown Sativa Strain 6,Sativa dominant,,,,,,,,,,,,,,,,,,,,,,
Unknown Strain,Unknown,,,,,,,,,,,,,,,,,,,,,,
Unknown Strain 1,Unknown,,,,,,,,,,,,,,,,,,,,,,
Unknown Strain 10,Unknown,,,,,,,,,,,,,,,,,,,,,,
Unknown Strain 11,Unknown,,,,,,,,,,,,,,,,,,,,,,
Unknown Strain 12,Unknown,,,,,,,,,,,,,,,,,,,,,,
Unknown Strain 2,Unknown,,,,,,,,,,,,,,,,,,,,,,
Unknown Strain 3,Unknown,,,,,,,,,,,,,,,,,,,,,,
Unknown Strain 4,Unknown,,,,,,,,,,,,,,,,,,,,,,
Unknown Strain 5,Unknown,,,,,,,,,,,,,,,,,,,,,,
Unknown Strain 6,Unknown,,,,,,,,,,,,,,,,,,,,,,
Unknown Strain 7,Unknown,,,,,,,,,,,,,,,,,,,,,,
Unknown Strain 8,Unknown,,,,,,,,,,,,,,,,,,,,,,
Unknown Strain 9,Unknown,,,,,,,,,,,,,,,,,,,,,,
Unnamed Strain,Indica dominant,NZ Medical,Rua,Rua THC26,,OG Kush,Wedding Cake,,,,,,,,,,,,,,,,
Vitner's Moonshine,Indica dominant,,,,,Purple Mayhem,Zinn,,,,,,,,,,,,,,,,
Wake‛n’Cake,Balanced hybrid,ex NZ Medical,Helius,Helius Maya (discontinued),,Wedding Cake,Grapefruit,Unknown Strain 5,,,,,,,,,,,,,,,
Wappa,Balanced hybrid,NZ Medical,Flowerman,Flowerman Wappa,,Skunk #1,Unknown Indica Strain 4,,,,,,,,,,,,,,,,
Wedding Cake,Balanced hybrid,,,,Triangle Mints,,,,,,,,,,,Triangle Mints #23; Cake; Pink Cookies,,,,,,,
Wedding Crasher,Balanced hybrid,,,,,Purple Punch,Wedding Cake,,,,,,,,,,,,,,,,
White fire,Indica dominant,,,,,Fire OG,White Rhino,,,,,,,,,,,,,,,,
White OG,Indica dominant,,,,,San Fernando Valley OG Kush,Triangle Kush,,,,,,,,,,,,,,,,
White Rhino,Indica dominant,,,,,North American Indica Landraces,White Widow,,,,,,,,,,,,,,,,
White Russian,Balanced hybrid,Classic,,,,White Widow,AK-47,,,,,,,,,,,,,,,,
White Sherb,Indica dominant,NZ Medical,Chill Division,Chill Division White Sherb,,Pure Michigan,Sherb Cream Pie,,,,,,,,,,,,,,,,
White Sherbert,Indica dominant,,,,,Unknown Hybrid Strain 2,Sherbert,,,,,,,,,,,,,,,,
White Widow,Sativa dominant,NZ Medical,Rua,Rua T18 White Widow,,Brazil Sativa Landraces,Nepalese Indica Landraces,,,,,,,,,,,,Denmark,,"THC 18%, CBD <1%",,
Wifi,Indica dominant,,,,,White Rhino,White fire,,,,,,,,,,,,,,,,
Wild Thailand,Sativa dominant,,,,,Thai Sativa Landraces,,,,,,,,,,,,,,,,,
William’s Wonder ,Indica dominant,,,,,Afghan/Pakistan Indica Landraces,,,,,,,,,,,,,,,,,
Zinn,Sativa dominant,,,,,Rock bud,Gooey,,,,,,,,,,,,,,,,
Zkittlez,Indica dominant,,,,,Grape Ape,Grapefruit,,,,,,,,,The Original Z,,,,,,,
Zour Apples,Balanced hybrid,NZ Medical,Medleaf,Medleaf Zour Apple,,Ethos Glue,Jack Harer,,,,,,,,,,,,Canada,Non-irradiated,"THC 23%, CBD <1%",,